song,artist,album,id
Shape of You,Ed Sheeran,« ÷ (Deluxe) » ,7qiZfU4dY1lWllzX7mPBI3
Blinding Lights,The Weeknd,« After Hours » ,0VjIjW4GlUZAMYd2vXMi3b
Perfect,Ed Sheeran,« ÷ (Deluxe) » ,0tgVpDi06FyKpA1z0VMD4v
Despacito,Luis Fonsi,« VIDA » ,6habFhsOp2NvshLv26DqMb
Despacito,Daddy Yankee,« VIDA » ,6habFhsOp2NvshLv26DqMb
Dance Monkey,Tones And I,« Dance Monkey (Stripped Back) / Dance Monkey » ,2XU0oxnq2qxCpomAAuJY8K
rockstar (feat. 21 Savage),Post Malone,« beerbongs & bentleys » ,0e7ipj03S05BNilyu5bRzt
rockstar (feat. 21 Savage),21 Savage,« beerbongs & bentleys » ,0e7ipj03S05BNilyu5bRzt
Someone You Loved,Lewis Capaldi,« Divinely Uninspired To A Hellish Extent » ,7qEHsqek33rTcFNT9PFqLf
Old Town Road - Remix,Lil Nas X,« 7 EP » ,2YpeDb67231RjR0MgVLzsG
Old Town Road - Remix,Billy Ray Cyrus,« 7 EP » ,2YpeDb67231RjR0MgVLzsG
bad guy,Billie Eilish,"« WHEN WE ALL FALL ASLEEP, WHERE DO WE GO? » ",2Fxmhks0bxGSBdJ92vM42m
Sunflower - Spider-Man: Into the Spider-Verse,Post Malone,« Spider-Man: Into the Spider-Verse (Soundtrack From & Inspired by the Motion Picture) » ,3KkXRkHbMCARz0aVfEt68P
Sunflower - Spider-Man: Into the Spider-Verse,Swae Lee,« Spider-Man: Into the Spider-Verse (Soundtrack From & Inspired by the Motion Picture) » ,3KkXRkHbMCARz0aVfEt68P
